{"cameraMode":{"drawMode":0,"name":"Shaded","section":"Shading Mode"},"sceneLighting":false,"audioPlay":false,"sceneViewState":{"m_AlwaysRefresh":false,"showFog":true,"showSkybox":false,"showFlares":true,"showImageEffects":true,"showParticleSystems":true,"showVisualEffectGraphs":true,"m_FxEnabled":true},"in2DMode":false,"pivot":{"x":43.2347526550293,"y":-1.3597190380096436,"z":25.417898178100587},"rotation":{"x":0.39751920104026797,"y":0.16242343187332154,"z":-0.07171553373336792,"w":0.9002659916877747},"size":3.5441179275512697,"orthographic":false}